cod_ibge,total_familias,renda_media_pc,ivs_geral,ivs_infraestrutura_urbana,ivs_capital_humano,ivs_renda_trabalho,score_prioridade,faixa_prioridade,nome_municipio,uf,municipio,n_eventos_aderentes,valor_total_liberado,tem_historico
2103125,154,102.8896103896104,0.727,1.0,0.555,0.626,59.53,ALTA,Central do Maranhão,MA,,0,,False
2110278,172,78.3546511627907,0.757,0.964,0.634,0.674,59.11,ALTA,Santo Amaro do Maranhão,MA,,0,,False
2105104,1342,116.397913561848,0.759,1.0,0.604,0.672,58.95,ALTA,Icatu,MA,,0,,False
2105005,1338,126.4424514200299,0.764,1.0,0.632,0.659,58.6,ALTA,Humberto de Campos,MA,,0,,False
2112407,1859,80.10274341043572,0.703,0.948,0.604,0.556,58.09,ALTA,Turiaçu,MA,,0,,False
2100550,106,133.58490566037736,0.773,0.987,0.716,0.616,57.67,ALTA,Amapá do Maranhão,MA,,0,,False
2101301,266,193.28195488721803,0.733,1.0,0.591,0.608,57.19,ALTA,Bacuri,MA,,0,,False
2103703,2356,242.26358234295407,0.696,1.0,0.52,0.567,56.65,ALTA,Cururupu,MA,,0,,False
1508308,2309,82.04374187960155,0.741,0.92,0.672,0.63,56.4,ALTA,Viseu,PA,,0,,False
2102606,1201,165.07577019150708,0.697,0.972,0.59,0.53,56.11,ALTA,Cândido Mendes,MA,,0,,False
2108058,221,84.76470588235294,0.72,0.9,0.566,0.693,55.1,ALTA,Paulino Neves,MA,,0,,False
1508357,69,213.231884057971,0.706,0.96,0.586,0.572,54.74,ALTA,Vitória do Xingu,PA,,0,,False
2100832,1192,165.73909395973155,0.652,0.931,0.535,0.491,53.84,ALTA,Apicum-Açu,MA,,0,,False
2105658,95,159.2,0.7,0.925,0.647,0.529,53.64,ALTA,Junco do Maranhão,MA,,0,,False
2109452,1176,119.3095238095238,0.642,0.87,0.548,0.507,51.7,ALTA,Raposa,MA,,0,,False
2109270,1145,135.7368881118881,0.715,0.879,0.611,0.654,51.67,ALTA,Presidente Sarney,MA,,0,,False
2111748,165,145.27878787878788,0.704,0.877,0.714,0.522,51.31,ALTA,Senador Alexandre Costa,MA,,0,,False
2100709,1649,52.162522741055184,0.677,0.746,0.63,0.654,50.37,ALTA,Anajatuba,MA,,0,,False
2103174,276,113.3876811594203,0.716,0.84,0.766,0.542,50.27,ALTA,Centro Novo do Maranhão,MA,,0,,False
2102358,81,88.39506172839506,0.628,0.815,0.572,0.497,50.17,ALTA,Buritirana,MA,,0,,False
2112274,111,128.46846846846847,0.678,0.847,0.619,0.569,50.12,ALTA,Tufilândia,MA,,0,,False
2108306,1728,91.54140127388536,0.673,0.812,0.615,0.592,49.81,MEDIA,Penalva,MA,,0,,False
2609808,6,10.5,0.369,0.087,0.522,0.499,49.78,MEDIA,Orocó,PE,,0,,False
1503077,1261,133.1054718477399,0.694,0.843,0.681,0.559,49.76,MEDIA,Garrafão do Norte,PA,,0,,False
3165552,276,102.8586956521739,0.653,0.821,0.616,0.523,49.69,MEDIA,Setubinha,MG,,0,,False
1400159,530,110.6132075471698,0.674,0.814,0.615,0.593,48.95,MEDIA,Bonfim,RR,,0,,False
2111003,1509,85.23194168323393,0.673,0.788,0.565,0.666,48.9,MEDIA,São João Batista,MA,,0,,False
2105351,217,126.3410138248848,0.719,0.823,0.63,0.705,48.87,MEDIA,Itaipava do Grajaú,MA,,0,,False
1506112,63,105.7936507936508,0.683,0.807,0.648,0.593,48.78,MEDIA,Quatipuru,PA,,0,,False
2102408,164,124.6829268292683,0.708,0.819,0.622,0.684,48.7,MEDIA,Cajapió,MA,,0,,False
2103406,2243,162.54658938921088,0.696,0.835,0.668,0.586,48.62,MEDIA,Coelho Neto,MA,,0,,False
2112605,1711,117.09526592635883,0.663,0.798,0.628,0.563,47.82,MEDIA,Urbano Santos,MA,,0,,False
1502806,1325,86.5222641509434,0.666,0.768,0.664,0.567,47.72,MEDIA,Curralinho,PA,,0,,False
1501204,1520,96.14285714285714,0.606,0.771,0.531,0.516,47.29,MEDIA,Baião,PA,,0,,False
2109304,152,164.68421052631578,0.659,0.811,0.585,0.58,47.26,MEDIA,Presidente Vargas,MA,,0,,False
2101103,172,66.93023255813954,0.563,0.727,0.421,0.542,47.18,MEDIA,Axixá,MA,,0,,False
2111706,1409,69.8083747338538,0.644,0.731,0.586,0.614,47.09,MEDIA,São Vicente Ferrer,MA,,0,,False
2109403,225,100.67111111111112,0.66,0.765,0.64,0.574,46.72,MEDIA,Primeira Cruz,MA,,0,,False
2112704,2288,162.40603146853147,0.719,0.796,0.698,0.664,46.48,MEDIA,Vargem Grande,MA,,0,,False
2104081,142,139.8661971830986,0.784,0.782,0.742,0.827,46.22,MEDIA,Fernando Falcão,MA,,0,,False
2101772,195,123.4102564102564,0.67,0.772,0.605,0.633,46.16,MEDIA,Bela Vista do Maranhão,MA,,0,,False
1508050,82,265.109756097561,0.639,0.804,0.622,0.49,45.68,MEDIA,Trairão,PA,,0,,False
1501956,1102,67.33756805807623,0.668,0.697,0.759,0.549,45.49,MEDIA,Cachoeira do Piriá,PA,,0,,False
2105450,139,82.98561151079137,0.655,0.722,0.62,0.623,45.44,MEDIA,Jatobá,MA,,0,,False
1400704,299,59.76254180602007,0.694,0.677,0.744,0.661,45.34,MEDIA,Uiramutã,RR,,0,,False
2102002,1682,133.5856123662307,0.665,0.759,0.644,0.591,45.13,MEDIA,Bom Jardim,MA,,0,,False
2105906,247,132.8582995951417,0.69,0.758,0.662,0.651,45.1,MEDIA,Lago Verde,MA,,0,,False
2111904,185,139.14054054054054,0.62,0.758,0.566,0.535,44.92,MEDIA,Sucupira do Norte,MA,,0,,False
2100808,258,46.44186046511628,0.604,0.625,0.542,0.645,44.9,MEDIA,Anapurus,MA,,0,,False
2111250,120,175.275,0.618,0.767,0.575,0.513,44.65,MEDIA,São José dos Basílios,MA,,0,,False
2104206,250,116.008,0.621,0.736,0.644,0.482,44.45,MEDIA,Fortuna,MA,,0,,False
2100907,2233,104.9896999552172,0.682,0.726,0.674,0.646,44.36,MEDIA,Araioses,MA,,0,,False
2105609,193,195.68393782383416,0.634,0.766,0.603,0.534,44.29,MEDIA,Joselândia,MA,,0,,False
2105153,225,158.55555555555554,0.675,0.75,0.677,0.598,44.03,MEDIA,Igarapé do Meio,MA,,0,,False
2102705,273,147.3956043956044,0.687,0.744,0.66,0.656,43.94,MEDIA,Cantanhede,MA,,0,,False
1503754,84,131.57142857142858,0.644,0.735,0.683,0.513,43.87,MEDIA,Jacareacanga,PA,,0,,False
2103158,165,188.3151515151515,0.631,0.755,0.673,0.464,43.79,MEDIA,Centro do Guilherme,MA,,0,,False
2209450,44,173.8409090909091,0.577,0.748,0.438,0.545,43.63,MEDIA,Santo Antônio dos Milagres,PI,,0,,False
2106409,260,35.33076923076923,0.562,0.54,0.594,0.551,43.6,MEDIA,Mata Roma,MA,,0,,False
2105963,153,178.45098039215685,0.693,0.747,0.708,0.623,43.5,MEDIA,Lagoa Grande do Maranhão,MA,,0,,False
1500305,1817,122.70005503577325,0.729,0.719,0.776,0.691,43.27,MEDIA,Afuá,PA,,0,,False
1506401,53,54.283018867924525,0.606,0.623,0.569,0.625,43.23,MEDIA,Santa Cruz do Arari,PA,,0,,False
1505205,1471,84.30408163265307,0.637,0.683,0.585,0.642,43.2,MEDIA,Oeiras do Pará,PA,,0,,False
2112100,1414,119.93564356435644,0.712,0.714,0.776,0.645,43.09,MEDIA,Timbiras,MA,,0,,False
2107456,288,123.89583333333331,0.635,0.716,0.612,0.577,43.07,MEDIA,Olinda Nova do Maranhão,MA,,0,,False
3100500,67,229.3283582089552,0.571,0.743,0.488,0.482,42.63,MEDIA,Açucena,MG,,0,,False
2107209,189,77.0,0.627,0.662,0.651,0.568,42.62,MEDIA,Nina Rodrigues,MA,,0,,False
2101905,302,145.64238410596028,0.664,0.715,0.637,0.641,42.39,MEDIA,Bequimão,MA,,0,,False
1400407,328,86.28658536585365,0.685,0.668,0.668,0.718,42.23,MEDIA,Normandia,RR,,0,,False
2111722,148,178.59459459459458,0.697,0.722,0.785,0.584,42.12,MEDIA,Satubinha,MA,,0,,False
2607802,170,154.6764705882353,0.604,0.713,0.551,0.547,42.07,MEDIA,Itaquitinga,PE,,0,,False
2108801,280,152.8607142857143,0.669,0.712,0.712,0.583,42.06,MEDIA,Pirapemas,MA,,0,,False
1504307,1681,137.62522308149912,0.597,0.705,0.524,0.561,42.05,MEDIA,Maracanã,PA,,0,,False
1502509,108,139.8148148148148,0.717,0.705,0.759,0.688,41.99,MEDIA,Chaves,PA,,0,,False
1504950,1040,55.21442307692308,0.634,0.603,0.736,0.564,41.97,MEDIA,Nova Esperança do Piriá,PA,,0,,False
2102150,130,148.87692307692308,0.688,0.708,0.687,0.668,41.93,MEDIA,Brejo de Areia,MA,,0,,False
2106607,1887,181.2061473237944,0.648,0.717,0.651,0.577,41.8,MEDIA,Matões,MA,,0,,False
2110807,84,267.1904761904762,0.629,0.733,0.637,0.517,41.76,MEDIA,São Félix de Balsas,MA,,0,,False
2100154,194,145.02061855670104,0.687,0.703,0.685,0.673,41.74,MEDIA,Água Doce do Maranhão,MA,,0,,False
2106326,254,168.7244094488189,0.621,0.712,0.644,0.508,41.74,MEDIA,Maracaçumé,MA,,0,,False
1501105,95,62.37894736842105,0.676,0.617,0.74,0.672,41.69,MEDIA,Bagre,PA,,0,,False
2111029,202,110.6039603960396,0.665,0.682,0.691,0.622,41.69,MEDIA,São João do Carú,MA,,0,,False
2112506,3073,119.03058900097624,0.622,0.687,0.621,0.557,41.64,MEDIA,Tutóia,MA,,0,,False
2203255,103,196.0,0.67,0.717,0.735,0.557,41.59,MEDIA,Curralinhos,PI,,0,,False
1600501,628,287.21178343949043,0.56,0.728,0.5,0.452,41.35,MEDIA,Oiapoque,AP,,0,,False
2111631,116,78.23275862068965,0.618,0.64,0.672,0.543,41.3,MEDIA,São Raimundo do Doca Bezerra,MA,,0,,False
1500909,2019,111.48043585933632,0.661,0.671,0.678,0.635,41.05,MEDIA,Augusto Corrêa,PA,,0,,False
1507508,101,282.009900990099,0.65,0.719,0.662,0.568,40.89,MEDIA,São João do Araguaia,PA,,0,,False
3157609,121,127.1818181818182,0.589,0.675,0.553,0.538,40.7,MEDIA,Santa Fé de Minas,MG,,0,,False
2201770,220,36.9,0.543,0.493,0.579,0.557,40.42,MEDIA,Boa Hora,PI,,0,,False
2107100,328,142.1890243902439,0.64,0.675,0.62,0.626,40.28,MEDIA,Morros,MA,,0,,False
2205565,151,234.3046357615894,0.682,0.699,0.701,0.645,40.17,MEDIA,Lagoa do Barro do Piauí,PI,,0,,False
2104602,214,140.6728971962617,0.611,0.672,0.618,0.542,40.15,MEDIA,Governador Eugênio Barros,MA,,0,,False
1503044,101,243.4158415841584,0.639,0.699,0.622,0.596,40.08,MEDIA,Floresta do Araguaia,PA,,0,,False
2110104,1403,105.3136136849608,0.609,0.646,0.627,0.554,39.95,MEDIA,Santa Quitéria do Maranhão,MA,,0,,False
2106706,283,107.8339222614841,0.634,0.644,0.659,0.599,39.72,MEDIA,Mirador,MA,,0,,False
2607000,1260,64.88968253968254,0.656,0.584,0.786,0.597,39.56,MEDIA,Inajá,PE,,0,,False
2110005,3221,193.4610369450481,0.64,0.679,0.669,0.571,39.53,MEDIA,Santa Luzia,MA,,0,,False
2112803,2916,158.5763293310463,0.559,0.668,0.495,0.515,39.52,MEDIA,Viana,MA,,0,,False
1600105,310,48.19677419354839,0.524,0.533,0.54,0.499,39.45,MEDIA,Amapá,AP,,0,,False
1504000,1282,103.84321372854916,0.57,0.634,0.549,0.526,39.36,MEDIA,Limoeiro do Ajuru,PA,,0,,False
1500859,1376,105.49127906976744,0.626,0.635,0.668,0.575,39.34,MEDIA,Anapu,PA,,0,,False
2104909,223,231.94170403587444,0.555,0.683,0.474,0.509,39.31,MEDIA,Guimarães,MA,,0,,False
2204659,282,175.14893617021278,0.607,0.668,0.597,0.555,39.21,MEDIA,Ilha Grande,PI,,0,,False
1505486,1972,119.55324543610548,0.633,0.643,0.71,0.547,39.2,MEDIA,Pacajá,PA,,0,,False
2102309,1175,139.9991489361702,0.605,0.652,0.592,0.57,39.07,MEDIA,Buriti Bravo,MA,,0,,False
2919900,122,96.91803278688523,0.587,0.618,0.528,0.616,38.83,MEDIA,Macururé,BA,,0,,False
2104628,93,209.43010752688173,0.602,0.666,0.629,0.512,38.61,MEDIA,Governador Luiz Rocha,MA,,0,,False
2108454,1421,97.25404644616468,0.652,0.614,0.666,0.677,38.59,MEDIA,Peritoró,MA,,0,,False
2205573,204,233.3186274509804,0.598,0.67,0.567,0.556,38.58,MEDIA,Lagoa de São Francisco,PI,,0,,False
4205175,133,199.6015037593985,0.456,0.661,0.375,0.331,38.46,MEDIA,Entre Rios,SC,,0,,False
2102325,2513,266.83326701154,0.631,0.671,0.664,0.558,38.35,MEDIA,Buriticupu,MA,,0,,False
2106201,162,157.0493827160494,0.553,0.645,0.575,0.44,38.28,MEDIA,Luís Domingues,MA,,0,,False
2202083,204,262.26960784313724,0.615,0.667,0.644,0.533,38.17,MEDIA,Cajueiro da Praia,PI,,0,,False
1718303,187,244.20855614973263,0.615,0.664,0.591,0.589,38.15,MEDIA,Praia Norte,TO,,0,,False
2102036,1592,186.90452261306527,0.654,0.652,0.711,0.598,38.14,MEDIA,Bom Jesus das Selvas,MA,,0,,False
1502772,1028,255.3394941634241,0.547,0.665,0.484,0.493,38.11,MEDIA,Curionópolis,PA,,0,,False
4305371,37,93.67567567567568,0.568,0.601,0.624,0.48,38.08,MEDIA,Charrua,RS,,0,,False
2104651,189,211.15873015873007,0.682,0.652,0.745,0.648,37.82,MEDIA,Governador Newton Bello,MA,,0,,False
3125903,170,319.49411764705883,0.542,0.666,0.466,0.495,37.76,MEDIA,Ferros,MG,,0,,False
3146255,172,194.0174418604651,0.561,0.646,0.611,0.426,37.71,MEDIA,Padre Carvalho,MG,,0,,False
2111078,291,183.8109965635739,0.64,0.642,0.664,0.613,37.64,MEDIA,São João do Soter,MA,,0,,False
2107506,4222,214.68704098554844,0.443,0.649,0.34,0.341,37.62,MEDIA,Paço do Lumiar,MA,,0,,False
2703908,86,182.5581395348837,0.593,0.641,0.614,0.523,37.6,MEDIA,Jundiá,AL,,0,,False
2205508,2024,159.56225296442688,0.548,0.632,0.467,0.545,37.52,MEDIA,José de Freitas,PI,,0,,False
1600402,955,120.66178010471204,0.588,0.613,0.634,0.516,37.51,MEDIA,Mazagão,AP,,0,,False
2101806,85,155.21176470588236,0.625,0.628,0.581,0.667,37.39,MEDIA,Benedito Leite,MA,,0,,False
1502004,1157,102.76404494382022,0.606,0.597,0.589,0.633,37.37,MEDIA,Cachoeira do Arari,PA,,0,,False
2509909,83,182.53012048192767,0.606,0.633,0.613,0.571,37.16,MEDIA,Natuba,PB,,0,,False
2300754,1940,147.94432989690722,0.6,0.621,0.547,0.632,37.16,MEDIA,Amontada,CE,,0,,False
1507474,106,203.0754716981132,0.633,0.638,0.635,0.625,37.15,MEDIA,São João de Pirabas,PA,,0,,False
1718808,147,163.1156462585034,0.556,0.626,0.556,0.486,37.11,MEDIA,Sampaio,TO,,0,,False
2103208,4144,108.36076254826254,0.602,0.595,0.652,0.559,37.01,MEDIA,Chapadinha,MA,,0,,False
1500701,1310,122.12213740458016,0.659,0.603,0.726,0.647,36.91,MEDIA,Anajás,PA,,0,,False
2111532,164,250.5731707317073,0.616,0.642,0.634,0.573,36.89,MEDIA,São Pedro da Água Branca,MA,,0,,False
2100402,116,98.75862068965516,0.592,0.582,0.658,0.537,36.75,MEDIA,Altamira do Maranhão,MA,,0,,False
1506104,56,121.14285714285714,0.603,0.599,0.586,0.624,36.73,MEDIA,Primavera,PA,,0,,False
2103505,2134,154.7464854732896,0.603,0.615,0.651,0.543,36.68,MEDIA,Colinas,MA,,0,,False
2206209,2003,101.28157763354967,0.601,0.583,0.611,0.61,36.68,MEDIA,Miguel Alves,PI,,0,,False
2101608,3562,210.5536215609208,0.582,0.629,0.59,0.528,36.56,MEDIA,Barra do Corda,MA,,0,,False
1501758,44,207.79545454545453,0.558,0.627,0.594,0.454,36.49,MEDIA,Brejo Grande do Araguaia,PA,,0,,False
2100303,296,151.27364864864865,0.668,0.607,0.768,0.629,36.32,MEDIA,Aldeias Altas,MA,,0,,False
2610608,2888,165.8812326869806,0.543,0.61,0.507,0.513,36.18,MEDIA,Paudalho,PE,,0,,False
2111201,7957,183.8920447404801,0.449,0.614,0.371,0.363,36.1,MEDIA,São José de Ribamar,MA,,0,,False
2101707,3214,97.95550715619166,0.612,0.569,0.612,0.654,36.08,MEDIA,Barreirinhas,MA,,0,,False
2709202,1107,124.9936766034327,0.612,0.587,0.661,0.589,35.93,MEDIA,Traipu,AL,,0,,False
2106508,1628,101.99324324324324,0.565,0.569,0.56,0.567,35.87,MEDIA,Matinha,MA,,0,,False
2903805,1247,169.39935846030474,0.633,0.604,0.598,0.698,35.79,MEDIA,Boa Vista do Tupim,BA,,0,,False
2104677,1297,114.3693138010794,0.574,0.573,0.592,0.558,35.55,MEDIA,Governador Nunes Freire,MA,,0,,False
2208700,347,193.37752161383284,0.565,0.605,0.537,0.554,35.46,MEDIA,Redenção do Gurguéia,PI,,0,,False
2109700,83,208.6265060240964,0.597,0.608,0.619,0.565,35.43,MEDIA,Sambaíba,MA,,0,,False
2105708,2593,139.71693019668336,0.568,0.581,0.544,0.58,35.17,MEDIA,Lago da Pedra,MA,,0,,False
2110856,113,178.35398230088495,0.559,0.595,0.624,0.457,35.14,MEDIA,São Francisco do Brejão,MA,,0,,False
2800704,130,153.90769230769232,0.605,0.586,0.672,0.557,35.1,MEDIA,Brejo Grande,SE,,0,,False
1506302,1303,123.7766692248657,0.51,0.57,0.532,0.427,35.04,MEDIA,Salvaterra,PA,,0,,False
2112852,98,221.6734693877551,0.61,0.603,0.653,0.575,35.01,MEDIA,Vila Nova dos Martírios,MA,,0,,False
2102101,1840,87.5054347826087,0.584,0.537,0.637,0.579,34.94,MEDIA,Brejo,MA,,0,,False
2506103,108,167.5,0.583,0.588,0.573,0.587,34.94,MEDIA,Fagundes,PB,,0,,False
2106755,333,138.00300300300302,0.541,0.573,0.529,0.522,34.78,MEDIA,Miranda do Norte,MA,,0,,False
2107407,1198,161.9215358931553,0.576,0.583,0.632,0.512,34.77,MEDIA,Olho d'Água das Cunhãs,MA,,0,,False
2205532,181,172.1988950276243,0.591,0.585,0.575,0.613,34.69,MEDIA,Jurema,PI,,0,,False
2100600,1533,186.75146771037183,0.617,0.589,0.672,0.589,34.68,MEDIA,Amarante do Maranhão,MA,,0,,False
2517001,80,107.4625,0.576,0.552,0.583,0.594,34.68,MEDIA,Umbuzeiro,PB,,0,,False
2111789,312,136.1698717948718,0.639,0.569,0.722,0.626,34.61,MEDIA,Serrano do Maranhão,MA,,0,,False
2924207,209,152.07655502392345,0.593,0.574,0.629,0.575,34.48,MEDIA,Pedro Alexandre,BA,,0,,False
1707405,291,202.5257731958763,0.616,0.588,0.577,0.684,34.41,MEDIA,Esperantina,TO,,0,,False
1505601,49,190.6326530612245,0.576,0.584,0.589,0.554,34.35,MEDIA,Peixe-Boi,PA,,0,,False
2615805,1392,134.0352011494253,0.621,0.563,0.659,0.64,34.34,MEDIA,Tupanatinga,PE,,0,,False
2915007,319,165.53918495297805,0.602,0.576,0.585,0.644,34.32,MEDIA,Itaeté,BA,,0,,False
1504901,1631,107.52912323727774,0.578,0.545,0.596,0.594,34.29,MEDIA,Muaná,PA,,0,,False
2805109,180,242.96666666666667,0.544,0.592,0.535,0.505,34.2,MEDIA,Pedrinhas,SE,,0,,False
1507706,1214,77.75782537067545,0.542,0.51,0.573,0.543,34.19,MEDIA,São Sebastião da Boa Vista,PA,,0,,False
2505238,284,131.41197183098592,0.644,0.559,0.683,0.691,34.19,MEDIA,Cuité de Mamanguape,PB,,0,,False
1600535,509,121.59135559921414,0.509,0.553,0.484,0.489,34.18,MEDIA,Porto Grande,AP,,0,,False
1504505,118,114.33898305084746,0.699,0.547,0.809,0.74,34.12,MEDIA,Melgaço,PA,,0,,False
2100956,1380,150.18840579710144,0.643,0.566,0.75,0.612,34.09,MEDIA,Arame,MA,,0,,False
2701803,173,92.39884393063583,0.604,0.526,0.601,0.684,34.03,MEDIA,Carneiros,AL,,0,,False
1504422,4701,244.0997660072325,0.455,0.588,0.38,0.398,33.97,MEDIA,Marituba,PA,,0,,False
2111508,2099,183.66079085278704,0.595,0.574,0.651,0.559,33.9,MEDIA,São Mateus do Maranhão,MA,,0,,False
2303931,153,203.9281045751634,0.581,0.579,0.577,0.588,33.89,MEDIA,Choró,CE,,0,,False
3162401,1490,165.1355704697987,0.525,0.567,0.475,0.533,33.83,MEDIA,São João da Ponte,MG,,0,,False
3136579,141,277.6099290780142,0.631,0.59,0.628,0.674,33.82,MEDIA,Josenópolis,MG,,0,,False
2205607,264,250.6439393939394,0.538,0.586,0.525,0.503,33.81,MEDIA,Landri Sales,PI,,0,,False
2613701,3963,242.86727226848348,0.511,0.583,0.445,0.506,33.71,MEDIA,São Lourenço da Mata,PE,,0,,False
1500206,2895,111.8901554404145,0.607,0.537,0.628,0.655,33.67,MEDIA,Acará,PA,,0,,False
1503200,1919,179.62688900468993,0.555,0.568,0.502,0.596,33.63,MEDIA,Igarapé-Açu,PA,,0,,False
2515104,368,244.22282608695653,0.548,0.581,0.502,0.56,33.59,MEDIA,São Sebastião de Lagoa de Roça,PB,,0,,False
1501501,2825,156.36778761061947,0.457,0.559,0.4,0.411,33.57,MEDIA,Benevides,PA,,0,,False
2109809,2344,139.2141638225256,0.59,0.548,0.602,0.621,33.37,MEDIA,Santa Helena,MA,,0,,False
1504703,3942,113.9482496194825,0.565,0.533,0.639,0.523,33.36,MEDIA,Moju,PA,,0,,False
3118106,103,274.90291262135923,0.56,0.58,0.585,0.514,33.29,MEDIA,Congonhas do Norte,MG,,0,,False
2701209,210,159.53809523809525,0.597,0.555,0.649,0.588,33.28,MEDIA,Cacimbinhas,AL,,0,,False
1717800,196,386.3775510204082,0.596,0.589,0.649,0.551,33.24,MEDIA,Ponte Alta do Bom Jesus,TO,,0,,False
1600253,283,50.39929328621909,0.591,0.428,0.628,0.716,33.22,MEDIA,Itaubal,AP,,0,,False
2707206,214,149.98130841121494,0.59,0.55,0.549,0.67,33.21,MEDIA,Poço das Trincheiras,AL,,0,,False
2919108,166,144.84939759036143,0.648,0.545,0.646,0.754,33.06,MEDIA,Lamarão,BA,,0,,False
2201705,166,202.19277108433727,0.513,0.563,0.434,0.543,33.04,MEDIA,Bertolínia,PI,,0,,False
2107902,281,155.16370106761565,0.611,0.547,0.692,0.593,32.93,MEDIA,Passagem Franca,MA,,0,,False
2108009,312,163.14102564102564,0.551,0.549,0.554,0.549,32.88,MEDIA,Pastos Bons,MA,,0,,False
2205359,105,137.66666666666666,0.561,0.538,0.513,0.632,32.86,MEDIA,João Costa,PI,,0,,False
2106375,141,151.60992907801418,0.595,0.544,0.647,0.593,32.85,MEDIA,Maranhãozinho,MA,,0,,False
2102200,1338,97.01494768310911,0.607,0.509,0.59,0.723,32.83,MEDIA,Buriti,MA,,0,,False
2107357,273,214.6959706959707,0.54,0.562,0.528,0.531,32.83,MEDIA,Nova Olinda do Maranhão,MA,,0,,False
2202737,96,173.73958333333334,0.543,0.547,0.494,0.588,32.58,MEDIA,Coivaras,PI,,0,,False
2107803,1591,161.47140163419232,0.594,0.543,0.646,0.592,32.58,MEDIA,Parnarama,MA,,0,,False
1502103,5081,119.08195429472023,0.541,0.522,0.487,0.613,32.56,MEDIA,Cametá,PA,,0,,False
2101731,125,126.36,0.6,0.525,0.626,0.648,32.48,MEDIA,Belágua,MA,,0,,False
2201051,221,165.31674208144796,0.643,0.542,0.668,0.72,32.45,MEDIA,Assunção do Piauí,PI,,0,,False
2509404,494,161.38663967611336,0.574,0.54,0.59,0.592,32.42,MEDIA,Mogeiro,PB,,0,,False
2108702,1487,164.08002689979824,0.597,0.541,0.629,0.62,32.42,MEDIA,Pio XII,MA,,0,,False
2202174,254,73.55118110236221,0.547,0.471,0.619,0.55,32.42,MEDIA,Campo Largo do Piauí,PI,,0,,False
2302909,230,243.98260869565212,0.551,0.559,0.521,0.574,32.38,MEDIA,Capistrano,CE,,0,,False
1501907,1374,92.5749636098981,0.532,0.496,0.512,0.587,32.37,MEDIA,Bujaru,PA,,0,,False
2105922,144,74.74305555555556,0.519,0.472,0.599,0.486,32.36,MEDIA,Lagoa do Mato,MA,,0,,False
5100508,216,403.4166666666667,0.479,0.573,0.453,0.412,32.31,MEDIA,Alto Paraguai,MT,,0,,False
2113009,1815,103.36528925619837,0.581,0.505,0.64,0.597,32.29,MEDIA,Vitorino Freire,MA,,0,,False
1502905,2196,116.36520947176685,0.544,0.515,0.552,0.566,32.28,MEDIA,Curuçá,PA,,0,,False
2806305,263,143.42205323193917,0.534,0.53,0.554,0.518,32.27,MEDIA,Santa Luzia do Itanhy,SE,,0,,False
2103257,212,104.09433962264151,0.504,0.505,0.527,0.481,32.25,MEDIA,Cidelândia,MA,,0,,False
2205201,623,121.85232744783306,0.574,0.517,0.63,0.576,32.19,MEDIA,Jaicós,PI,,0,,False
2801702,1200,162.85166666666666,0.552,0.535,0.575,0.545,32.11,MEDIA,Cristinápolis,SE,,0,,False
2100873,170,197.4294117647059,0.581,0.545,0.593,0.605,32.11,MEDIA,Araguanã,MA,,0,,False
2512721,166,120.01204819277108,0.568,0.514,0.599,0.591,32.09,MEDIA,Pedro Régis,PB,,0,,False
2506251,98,100.20408163265306,0.589,0.498,0.631,0.637,32.06,MEDIA,Gado Bravo,PB,,0,,False
2108108,325,137.02461538461537,0.58,0.523,0.634,0.584,32.05,MEDIA,Paulo Ramos,MA,,0,,False
2104503,153,180.44444444444449,0.561,0.539,0.599,0.545,32.03,MEDIA,Governador Archer,MA,,0,,False
2708501,1971,164.4287163876205,0.617,0.534,0.793,0.524,32.03,MEDIA,São Luís do Quitunde,AL,,0,,False
1503309,2844,157.9212376933896,0.582,0.531,0.597,0.619,31.99,MEDIA,Igarapé-Miri,PA,,0,,False
3163003,90,219.03333333333333,0.51,0.545,0.566,0.418,31.85,MEDIA,São José da Safira,MG,,0,,False
2303956,1121,212.99821587867976,0.51,0.543,0.524,0.464,31.81,MEDIA,Chorozinho,CE,,0,,False
1400233,350,233.94285714285715,0.502,0.547,0.512,0.447,31.81,MEDIA,Caroebe,RR,,0,,False
2102754,204,163.85294117647058,0.584,0.529,0.671,0.553,31.77,MEDIA,Capinzal do Norte,MA,,0,,False
2703304,257,151.87548638132296,0.678,0.523,0.795,0.715,31.68,MEDIA,Inhapi,AL,,0,,False
1720101,119,210.69747899159665,0.518,0.539,0.579,0.436,31.61,MEDIA,São Bento do Tocantins,TO,,0,,False
1502608,54,199.46296296296296,0.491,0.535,0.455,0.483,31.53,MEDIA,Colares,PA,,0,,False
2924900,120,200.3333333333333,0.56,0.535,0.584,0.56,31.52,MEDIA,Planaltino,BA,,0,,False
1720200,349,173.73352435530086,0.472,0.527,0.468,0.422,31.48,MEDIA,São Miguel do Tocantins,TO,,0,,False
3149952,88,279.02272727272725,0.495,0.547,0.466,0.471,31.45,MEDIA,Periquito,MG,,0,,False
3161601,129,247.56589147286823,0.52,0.542,0.499,0.52,31.41,MEDIA,São Geraldo da Piedade,MG,,0,,False
2609402,2760,199.21884057971013,0.508,0.532,0.446,0.547,31.37,MEDIA,Moreno,PE,,0,,False
3127354,77,167.8181818181818,0.466,0.523,0.354,0.522,31.36,MEDIA,Glaucilândia,MG,,0,,False
3136959,197,268.4263959390863,0.539,0.544,0.539,0.533,31.36,MEDIA,Juvenília,MG,,0,,False
1506351,27,307.44444444444446,0.487,0.548,0.447,0.465,31.33,MEDIA,Santa Bárbara do Pará,PA,,0,,False
2100436,1446,231.95919778699863,0.62,0.538,0.686,0.636,31.33,MEDIA,Alto Alegre do Maranhão,MA,,0,,False
3302270,3030,156.45841584158416,0.437,0.518,0.429,0.363,31.31,MEDIA,Japeri,RJ,,0,,False
3126604,141,297.6666666666667,0.493,0.546,0.541,0.392,31.28,MEDIA,Francisco Dumont,MG,,0,,False
2705606,216,186.75,0.64,0.527,0.817,0.576,31.27,MEDIA,Novo Lino,AL,,0,,False
2103752,51,307.8235294117647,0.499,0.546,0.529,0.421,31.22,MEDIA,Davinópolis,MA,,0,,False
2102077,213,178.9718309859155,0.628,0.524,0.608,0.751,31.22,MEDIA,Bom Lugar,MA,,0,,False
3132008,115,152.23478260869564,0.485,0.514,0.475,0.467,31.18,MEDIA,Itacambira,MG,,0,,False
2202505,361,126.4459833795014,0.556,0.501,0.598,0.568,31.16,MEDIA,Caracol,PI,,0,,False
5106315,57,315.0877192982456,0.49,0.544,0.551,0.376,31.07,MEDIA,Novo Santo Antônio,MT,,0,,False
2404606,63,114.5079365079365,0.536,0.491,0.586,0.532,31.03,MEDIA,Ielmo Marinho,RN,,0,,False
1400175,587,187.64395229982964,0.521,0.522,0.561,0.481,30.98,MEDIA,Cantá,RR,,0,,False
2703601,158,173.4620253164557,0.558,0.516,0.614,0.545,30.88,MEDIA,Japaratinga,AL,,0,,False
2111672,100,37.95,0.506,0.326,0.615,0.578,30.86,MEDIA,São Roberto,MA,,0,,False
2303006,214,105.02803738317758,0.542,0.48,0.587,0.559,30.83,MEDIA,Caridade,CE,,0,,False
1507003,1255,155.56972111553785,0.49,0.509,0.477,0.485,30.83,MEDIA,Santo Antônio do Tauá,PA,,0,,False
2201739,234,247.1196581196581,0.597,0.531,0.674,0.585,30.81,MEDIA,Betânia do Piauí,PI,,0,,False
2313500,2939,140.51275944198707,0.535,0.502,0.553,0.549,30.8,MEDIA,Trairi,CE,,0,,False
2110203,1567,112.82131461391194,0.544,0.485,0.59,0.556,30.77,MEDIA,Santa Rita,MA,,0,,False
2609154,1106,123.80379746835445,0.613,0.492,0.636,0.712,30.75,MEDIA,Manari,PE,,0,,False
2100204,1530,122.9078431372549,0.57,0.491,0.629,0.589,30.72,MEDIA,Alcântara,MA,,0,,False
1718899,57,245.66666666666663,0.437,0.529,0.444,0.339,30.71,MEDIA,Santa Rita do Tocantins,TO,,0,,False
1501808,4132,126.69361084220716,0.603,0.493,0.685,0.63,30.71,MEDIA,Breves,PA,,0,,False
2906907,1263,271.49010292953284,0.53,0.532,0.54,0.518,30.68,MEDIA,Caravelas,BA,,0,,False
2701100,226,274.9911504424779,0.623,0.532,0.781,0.557,30.65,MEDIA,Branquinha,AL,,0,,False
1100080,287,313.37282229965155,0.493,0.536,0.518,0.426,30.64,MEDIA,Costa Marques,RO,,0,,False
1300300,1936,110.3305785123967,0.549,0.48,0.6,0.568,30.6,MEDIA,Autazes,AM,,0,,False
2110658,130,171.43076923076924,0.587,0.51,0.707,0.544,30.58,MEDIA,São Domingos do Azeitão,MA,,0,,False
1507201,1310,116.58091603053435,0.545,0.484,0.515,0.635,30.57,MEDIA,São Domingos do Capim,PA,,0,,False
1501600,73,160.42465753424656,0.555,0.506,0.608,0.55,30.57,MEDIA,Bonito,PA,,0,,False
2208502,387,118.50129198966408,0.55,0.484,0.612,0.555,30.5,MEDIA,Porto,PI,,0,,False
2804300,134,214.4701492537313,0.494,0.519,0.491,0.471,30.47,MEDIA,Muribeca,SE,,0,,False
2306553,2035,127.44914004914006,0.519,0.488,0.549,0.52,30.41,MEDIA,Itarema,CE,,0,,False
4207684,166,226.3734939759036,0.462,0.52,0.577,0.289,30.4,MEDIA,Ipuaçu,SC,,0,,False
3109402,1608,280.98942786069654,0.492,0.528,0.512,0.435,30.39,MEDIA,Buritizeiro,MG,,0,,False
1505635,72,283.2638888888889,0.54,0.527,0.554,0.54,30.32,MEDIA,Piçarra,PA,,0,,False
1506906,47,158.25531914893617,0.503,0.5,0.522,0.488,30.28,MEDIA,Santarém Novo,PA,,0,,False
2409605,82,149.85365853658536,0.537,0.496,0.645,0.469,30.25,MEDIA,Pedra Preta,RN,,0,,False
2921401,318,220.2264150943396,0.572,0.515,0.582,0.62,30.19,MEDIA,Mirangaba,BA,,0,,False
2302305,1476,186.3231707317073,0.52,0.507,0.495,0.557,30.17,MEDIA,Bela Cruz,CE,,0,,False
2707404,170,173.64117647058825,0.556,0.503,0.653,0.513,30.16,MEDIA,Porto de Pedras,AL,,0,,False
2111953,96,151.53125,0.496,0.495,0.566,0.427,30.15,MEDIA,Sucupira do Riachão,MA,,0,,False
2200400,1591,188.7944688874921,0.506,0.507,0.517,0.495,30.14,MEDIA,Altos,PI,,0,,False
1720804,285,269.6877192982456,0.567,0.521,0.597,0.582,30.08,MEDIA,Sítio Novo do Tocantins,TO,,0,,False
2207603,348,173.2844827586207,0.536,0.501,0.5,0.607,30.05,MEDIA,Parnaguá,PI,,0,,False
3118809,1566,218.713282247765,0.498,0.512,0.404,0.579,30.04,MEDIA,Coração de Jesus,MG,,0,,False
1503507,1809,136.76395798783858,0.544,0.486,0.554,0.593,30.02,MEDIA,Irituia,PA,,0,,False
2509057,274,135.12773722627736,0.563,0.485,0.657,0.547,30.02,MEDIA,Marcação,PB,,0,,False
2513000,106,116.93396226415096,0.552,0.473,0.602,0.581,29.95,MEDIA,Salgadinho,PB,,0,,False
1508035,1321,96.2906888720666,0.589,0.456,0.616,0.694,29.95,MEDIA,Tracuateua,PA,,0,,False
2109601,1735,188.31815561959647,0.526,0.502,0.53,0.545,29.87,MEDIA,Rosário,MA,,0,,False
2312809,73,113.76712328767124,0.493,0.469,0.507,0.503,29.85,MEDIA,Senador Sá,CE,,0,,False
2401859,164,140.1341463414634,0.509,0.483,0.571,0.473,29.77,MEDIA,Caiçara do Norte,RN,,0,,False
2211100,2324,105.44492254733218,0.512,0.461,0.535,0.539,29.77,MEDIA,União,PI,,0,,False
2705903,33,80.72727272727273,0.583,0.433,0.676,0.639,29.71,MEDIA,Olho d'Água Grande,AL,,0,,False
1506583,125,269.24,0.533,0.514,0.606,0.479,29.7,MEDIA,Santa Maria das Barreiras,PA,,0,,False
2606804,4762,245.3845023099538,0.467,0.509,0.391,0.501,29.62,MEDIA,Igarassu,PE,,0,,False
2103604,3188,175.6066499372647,0.568,0.493,0.635,0.575,29.57,MEDIA,Coroatá,MA,,0,,False
2930758,210,161.33809523809524,0.574,0.488,0.578,0.657,29.56,MEDIA,Sítio do Mato,BA,,0,,False
5219753,2393,241.92143752611784,0.425,0.507,0.438,0.33,29.54,MEDIA,Santo Antônio do Descoberto,GO,,0,,False
1715705,152,297.32236842105266,0.562,0.513,0.645,0.528,29.47,MEDIA,Palmeirante,TO,,0,,False
2504033,201,154.9452736318408,0.627,0.483,0.757,0.641,29.42,MEDIA,Capim,PB,,0,,False
2807501,222,179.55855855855856,0.543,0.491,0.587,0.552,29.4,MEDIA,Tomar do Geru,SE,,0,,False
2600708,2157,194.6680574872508,0.554,0.495,0.554,0.612,29.4,MEDIA,Aliança,PE,,0,,False
3301900,5504,165.40079941860466,0.385,0.486,0.333,0.337,29.37,MEDIA,Itaboraí,RJ,,0,,False
2200103,193,288.279792746114,0.536,0.51,0.531,0.568,29.36,MEDIA,Agricolândia,PI,,0,,False
2210508,478,143.6192468619247,0.536,0.476,0.582,0.549,29.29,MEDIA,São Pedro do Piauí,PI,,0,,False
2210052,180,131.9611111111111,0.485,0.47,0.494,0.492,29.28,MEDIA,São José do Divino,PI,,0,,False
3148400,94,298.8829787234043,0.502,0.509,0.463,0.535,29.24,MEDIA,Paulistas,MG,,0,,False
1717503,192,442.5677083333333,0.504,0.519,0.567,0.425,29.22,MEDIA,Pium,TO,,0,,False
3124104,2370,268.2751054852321,0.404,0.505,0.393,0.313,29.21,MEDIA,Esmeraldas,MG,,0,,False
2513604,225,196.73777777777772,0.497,0.492,0.463,0.537,29.2,MEDIA,Santana dos Garrotes,PB,,0,,False
2209971,306,102.9346405228758,0.524,0.448,0.599,0.526,29.17,MEDIA,São João do Arraial,PI,,0,,False
2605202,3771,170.5875331564987,0.511,0.484,0.554,0.494,29.17,MEDIA,Escada,PE,,0,,False
2110609,1499,100.22348232154768,0.543,0.445,0.581,0.603,29.14,MEDIA,São Bernardo,MA,,0,,False
1500107,8865,121.4223350253807,0.464,0.461,0.452,0.479,29.13,MEDIA,Abaetetuba,PA,,0,,False
2203230,192,307.59375,0.548,0.508,0.549,0.586,29.13,MEDIA,Currais,PI,,0,,False
2111300,35663,233.09892605781903,0.372,0.498,0.291,0.327,29.12,MEDIA,São Luís,MA,,0,,False
2912608,105,164.5142857142857,0.572,0.481,0.602,0.633,29.11,MEDIA,Ibiquera,BA,,0,,False
2905909,1624,171.80295566502463,0.569,0.483,0.564,0.659,29.09,MEDIA,Campo Alegre de Lourdes,BA,,0,,False
2917334,190,232.6578947368421,0.509,0.497,0.511,0.519,29.07,MEDIA,Iuiu,BA,,0,,False
2110708,1705,195.2809384164223,0.538,0.489,0.614,0.512,29.06,MEDIA,São Domingos do Maranhão,MA,,0,,False
2707701,4342,313.75466482377334,0.497,0.507,0.48,0.503,29.04,MEDIA,Rio Largo,AL,,0,,False
2607604,1055,197.95071090047392,0.486,0.489,0.496,0.473,29.02,MEDIA,Ilha de Itamaracá,PE,,0,,False
2201101,393,93.72264631043257,0.548,0.436,0.561,0.646,29.0,MEDIA,Avelino Lopes,PI,,0,,False
3300456,15129,218.1134906471016,0.387,0.493,0.353,0.314,29.0,MEDIA,Belford Roxo,RJ,,0,,False
1100809,1377,313.8888888888889,0.431,0.506,0.464,0.323,28.99,MEDIA,Candeias do Jamari,RO,,0,,False
2703809,1298,235.326656394453,0.587,0.496,0.737,0.529,28.99,MEDIA,Joaquim Gomes,AL,,0,,False
5205513,155,213.48387096774192,0.425,0.491,0.434,0.351,28.94,MEDIA,Cocalzinho de Goiás,GO,,0,,False
2106672,130,86.0,0.596,0.425,0.657,0.706,28.89,MEDIA,Milagres do Maranhão,MA,,0,,False
2700409,2300,204.34391304347827,0.598,0.488,0.709,0.598,28.88,MEDIA,Atalaia,AL,,0,,False
1703826,79,196.1518987341772,0.452,0.486,0.473,0.396,28.88,MEDIA,Cachoeirinha,TO,,0,,False
1501709,4932,210.95174371451745,0.511,0.489,0.563,0.482,28.86,MEDIA,Bragança,PA,,0,,False
2206308,28,359.9642857142857,0.461,0.507,0.432,0.443,28.83,MEDIA,Miguel Leão,PI,,0,,False
2702702,67,177.76119402985074,0.569,0.48,0.685,0.543,28.82,MEDIA,Feliz Deserto,AL,,0,,False
2309458,1436,211.566155988858,0.52,0.488,0.522,0.551,28.8,MEDIA,Ocara,CE,,0,,False
1503457,1552,139.44072164948454,0.599,0.465,0.743,0.59,28.8,MEDIA,Ipixuna do Pará,PA,,0,,False
2606309,110,224.3181818181818,0.488,0.49,0.531,0.443,28.77,MEDIA,Granito,PE,,0,,False
2302057,213,154.4694835680751,0.527,0.471,0.584,0.527,28.77,MEDIA,Barroquinha,CE,,0,,False
2306603,1312,218.6890243902439,0.564,0.489,0.578,0.624,28.77,MEDIA,Itatira,CE,,0,,False
2616506,161,178.46583850931677,0.591,0.479,0.658,0.637,28.76,MEDIA,Xexéu,PE,,0,,False
1503408,74,110.41891891891892,0.495,0.446,0.537,0.501,28.72,MEDIA,Inhangapi,PA,,0,,False
2206050,197,190.3451776649746,0.589,0.481,0.576,0.71,28.69,MEDIA,Massapê do Piauí,PI,,0,,False
2607901,21695,243.59099290126304,0.415,0.491,0.366,0.389,28.64,MEDIA,Jaboatão dos Guararapes,PE,,0,,False
2907707,164,115.71341463414636,0.533,0.448,0.54,0.612,28.62,MEDIA,Chorrochó,BA,,0,,False
1508159,1793,208.06971556051312,0.504,0.484,0.534,0.494,28.62,MEDIA,Uruará,PA,,0,,False
1507607,2420,148.9694214876033,0.506,0.466,0.553,0.499,28.62,MEDIA,São Miguel do Guamá,PA,,0,,False
2611200,158,175.5,0.6,0.475,0.699,0.626,28.59,MEDIA,Poção,PE,,0,,False
2914208,129,167.2248062015504,0.528,0.472,0.547,0.565,28.57,MEDIA,Irajuba,BA,,0,,False
2608453,182,148.3846153846154,0.471,0.465,0.512,0.436,28.57,MEDIA,Lagoa do Carro,PE,,0,,False
3170008,288,159.09375,0.527,0.469,0.512,0.599,28.56,MEDIA,Ubaí,MG,,0,,False
2505006,244,141.08196721311475,0.553,0.461,0.579,0.618,28.53,MEDIA,Cubati,PB,,0,,False
2806701,3586,197.96737311767987,0.434,0.48,0.424,0.398,28.53,MEDIA,São Cristóvão,SE,,0,,False
1703842,212,298.9481132075472,0.623,0.496,0.695,0.678,28.52,MEDIA,Campos Lindos,TO,,0,,False
2602704,168,203.69642857142856,0.523,0.481,0.553,0.536,28.51,MEDIA,Buenos Aires,PE,,0,,False
3148608,330,222.96969696969697,0.473,0.484,0.506,0.428,28.45,MEDIA,Peçanha,MG,,0,,False
2920452,269,307.6096654275093,0.518,0.495,0.426,0.633,28.42,MEDIA,Mansidão,BA,,0,,False
2615508,159,212.08805031446545,0.507,0.48,0.527,0.515,28.35,MEDIA,Tracunhaém,PE,,0,,False
2208809,1321,144.37907505686127,0.532,0.459,0.593,0.543,28.34,MEDIA,Regeneração,PI,,0,,False
2105500,1222,234.6622950819672,0.458,0.484,0.442,0.448,28.34,MEDIA,João Lisboa,MA,,0,,False
2607950,148,190.33783783783784,0.609,0.474,0.655,0.697,28.3,MEDIA,Jaqueira,PE,,0,,False
2916104,1036,68.56853281853282,0.433,0.387,0.382,0.53,28.3,MEDIA,Itaparica,BA,,0,,False
2104099,252,128.88492063492063,0.585,0.449,0.619,0.687,28.22,MEDIA,Formosa da Serra Negra,MA,,0,,False
2206100,316,73.91455696202532,0.508,0.395,0.557,0.571,28.21,MEDIA,Matias Olímpio,PI,,0,,False
1504406,1142,111.0446584938704,0.465,0.437,0.464,0.495,28.2,MEDIA,Marapanim,PA,,0,,False
2109551,41,207.5121951219512,0.545,0.476,0.54,0.618,28.19,MEDIA,Ribamar Fiquene,MA,,0,,False
2206704,269,192.4981412639405,0.507,0.472,0.507,0.542,28.16,MEDIA,Nazaré do Piauí,PI,,0,,False
2403509,232,108.19396551724138,0.553,0.434,0.638,0.586,28.16,MEDIA,Espírito Santo,RN,,0,,False
2708808,1624,152.89162561576356,0.552,0.459,0.645,0.551,28.14,MEDIA,São Sebastião,AL,,0,,False
2111763,109,321.70642201834863,0.501,0.491,0.527,0.484,28.12,MEDIA,Senador La Rocque,MA,,0,,False
2301950,220,165.08636363636364,0.507,0.463,0.533,0.525,28.11,MEDIA,Barreira,CE,,0,,False
2310100,175,195.89142857142852,0.515,0.472,0.585,0.487,28.11,MEDIA,Palmácia,CE,,0,,False
2610707,11155,235.6788883908561,0.384,0.48,0.294,0.378,28.11,MEDIA,Paulista,PE,,0,,False
1720309,173,192.67052023121389,0.591,0.471,0.66,0.643,28.1,MEDIA,São Sebastião do Tocantins,TO,,0,,False
2205953,308,111.1590909090909,0.504,0.435,0.657,0.421,28.09,MEDIA,Marcolândia,PI,,0,,False
2506400,427,126.35597189695552,0.549,0.445,0.649,0.552,28.08,MEDIA,Gurinhém,PB,,0,,False
1505536,4576,308.80157342657344,0.406,0.488,0.413,0.316,28.03,MEDIA,Parauapebas,PA,,0,,False
2300200,2798,89.19549678341673,0.522,0.413,0.581,0.571,28.01,MEDIA,Acaraú,CE,,0,,False
2706109,285,200.34035087719292,0.569,0.471,0.632,0.603,28.0,MEDIA,Ouro Branco,AL,,0,,False
2209559,197,183.28426395939087,0.479,0.466,0.516,0.455,27.97,MEDIA,São Braz do Piauí,PI,,0,,False
2311959,206,214.5922330097088,0.546,0.473,0.594,0.572,27.94,MEDIA,Salitre,CE,,0,,False
2201309,124,178.28225806451613,0.477,0.464,0.462,0.506,27.93,MEDIA,Barreiras do Piauí,PI,,0,,False
2114007,2473,270.95147594015367,0.533,0.482,0.566,0.551,27.93,MEDIA,Zé Doca,MA,,0,,False
2205300,171,121.35087719298244,0.517,0.439,0.519,0.592,27.92,MEDIA,Jerumenha,PI,,0,,False
2110039,1177,172.34409515717928,0.514,0.462,0.552,0.529,27.92,MEDIA,Santa Luzia do Paruá,MA,,0,,False
2604155,175,176.5257142857143,0.543,0.463,0.595,0.572,27.91,MEDIA,Casinhas,PE,,0,,False
2108900,262,176.3206106870229,0.529,0.463,0.573,0.55,27.91,MEDIA,Poção de Pedras,MA,,0,,False
2311009,143,214.54545454545453,0.525,0.472,0.518,0.586,27.88,MEDIA,Poranga,CE,,0,,False
2705101,1269,219.59259259259252,0.578,0.473,0.686,0.574,27.88,MEDIA,Matriz de Camaragibe,AL,,0,,False
1500800,15932,291.6949971753186,0.377,0.483,0.325,0.324,27.85,MEDIA,Ananindeua,PA,,0,,False
2902203,178,140.34831460674158,0.539,0.448,0.57,0.598,27.84,MEDIA,Aramari,BA,,0,,False
2900306,229,246.58951965065503,0.539,0.477,0.598,0.542,27.84,MEDIA,Acajutiba,BA,,0,,False
3102407,70,166.0857142857143,0.543,0.458,0.532,0.64,27.82,MEDIA,Alvorada de Minas,MG,,0,,False
2405504,90,137.43333333333334,0.497,0.446,0.556,0.488,27.81,MEDIA,Jardim de Angicos,RN,,0,,False
2501302,1106,180.1130198915009,0.565,0.462,0.596,0.637,27.8,MEDIA,Aroeiras,PB,,0,,False
2206803,318,86.24213836477988,0.531,0.405,0.6,0.588,27.77,MEDIA,Nossa Senhora dos Remédios,PI,,0,,False
4319737,50,326.58,0.453,0.485,0.369,0.505,27.77,MEDIA,São Valério do Sul,RS,,0,,False
2700102,309,150.36569579288025,0.568,0.451,0.615,0.637,27.76,MEDIA,Água Branca,AL,,0,,False
1716307,110,280.0636363636364,0.469,0.48,0.442,0.486,27.76,MEDIA,Pau D'Arco,TO,,0,,False
2515005,244,83.45081967213115,0.551,0.401,0.675,0.578,27.75,MEDIA,São Miguel de Taipu,PB,,0,,False
5002407,321,403.5981308411215,0.456,0.49,0.515,0.362,27.74,MEDIA,Caarapó,MS,,0,,False
2305266,182,209.9835164835165,0.523,0.468,0.564,0.538,27.72,MEDIA,Ibaretama,CE,,0,,False
2303501,3525,227.66468085106385,0.485,0.471,0.495,0.489,27.69,MEDIA,Cascavel,CE,,0,,False
2202752,290,260.5206896551724,0.487,0.475,0.462,0.523,27.62,MEDIA,Colônia do Gurguéia,PI,,0,,False
5200258,6524,188.825567136726,0.375,0.461,0.373,0.292,27.61,MEDIA,Águas Lindas de Goiás,GO,,0,,False
2100105,103,192.1941747572816,0.599,0.462,0.673,0.663,27.61,MEDIA,Afonso Cunha,MA,,0,,False
2802809,256,165.75390625,0.497,0.454,0.527,0.511,27.6,MEDIA,Indiaroba,SE,,0,,False
2202091,177,203.2372881355932,0.507,0.464,0.482,0.574,27.58,MEDIA,Caldeirão Grande do Piauí,PI,,0,,False
2205854,239,172.99163179916317,0.534,0.456,0.564,0.581,27.58,MEDIA,Madeiro,PI,,0,,False
3140852,241,287.4066390041494,0.523,0.477,0.533,0.559,27.55,MEDIA,Matias Cardoso,MG,,0,,False
1505403,129,180.2558139534884,0.54,0.457,0.598,0.564,27.52,MEDIA,Ourém,PA,,0,,False
2203750,162,96.65432098765432,0.535,0.412,0.591,0.601,27.51,MEDIA,Fartura do Piauí,PI,,0,,False
2928307,179,187.9720670391061,0.536,0.459,0.485,0.664,27.51,MEDIA,Santanópolis,BA,,0,,False
2604908,1141,149.011393514461,0.51,0.446,0.557,0.527,27.51,MEDIA,Cumaru,PE,,0,,False
2907004,163,167.78527607361963,0.558,0.452,0.58,0.642,27.46,MEDIA,Cardeal da Silva,BA,,0,,False
2703502,138,259.6376811594203,0.553,0.472,0.628,0.559,27.46,MEDIA,Jacuípe,AL,,0,,False
2913804,207,136.52173913043478,0.552,0.439,0.47,0.746,27.45,MEDIA,Ipecaetá,BA,,0,,False
3137908,67,215.34328358208955,0.391,0.464,0.315,0.395,27.43,MEDIA,Lamim,MG,,0,,False
5203104,159,402.0,0.46,0.484,0.436,0.459,27.41,MEDIA,Baliza,GO,,0,,False
2304707,2464,164.95941558441558,0.582,0.45,0.615,0.681,27.4,MEDIA,Granja,CE,,0,,False
1712405,87,242.7586206896552,0.535,0.468,0.619,0.519,27.38,MEDIA,Lizarda,TO,,0,,False
3304904,21189,221.14212215614089,0.333,0.464,0.269,0.267,27.37,MEDIA,São Gonçalo,RJ,,0,,False
1502939,1939,355.8525012893244,0.492,0.479,0.515,0.481,27.31,MEDIA,Dom Eliseu,PA,,0,,False
2110237,127,77.35433070866142,0.605,0.384,0.706,0.725,27.29,MEDIA,Santana do Maranhão,MA,,0,,False
2600500,2771,141.1371346084446,0.589,0.438,0.689,0.639,27.27,MEDIA,Águas Belas,PE,,0,,False
2301208,1586,182.94010088272384,0.51,0.453,0.526,0.551,27.26,MEDIA,Aracoiaba,CE,,0,,False
2202554,207,218.5024154589372,0.546,0.461,0.58,0.596,27.24,MEDIA,Caridade do Piauí,PI,,0,,False
1507151,117,213.74358974358967,0.513,0.46,0.569,0.509,27.23,MEDIA,São Domingos do Araguaia,PA,,0,,False
2614808,224,258.85714285714283,0.555,0.467,0.593,0.605,27.19,MEDIA,Tacaratu,PE,,0,,False
5217609,2803,295.5504816268284,0.405,0.471,0.422,0.322,27.17,MEDIA,Planaltina,GO,,0,,False
2511905,175,93.03428571428572,0.538,0.402,0.654,0.558,27.17,MEDIA,Pitimbu,PB,,0,,False
2906006,4069,162.7970017203244,0.501,0.445,0.502,0.555,27.17,MEDIA,Campo Formoso,BA,,0,,False
2913457,172,152.56976744186048,0.506,0.44,0.579,0.499,27.1,MEDIA,Igrapiúna,BA,,0,,False
5201405,7545,400.4254473161034,0.35,0.478,0.334,0.239,27.09,MEDIA,Aparecida de Goiânia,GO,,0,,False
2512762,173,132.22543352601156,0.528,0.43,0.542,0.611,27.07,MEDIA,Riachão do Poço,PB,,0,,False
5212501,6115,311.8310711365495,0.396,0.471,0.398,0.319,27.07,MEDIA,Luziânia,GO,,0,,False
2604403,148,156.81756756756758,0.538,0.441,0.555,0.617,27.07,MEDIA,Chã de Alegria,PE,,0,,False
5222054,169,363.0,0.415,0.475,0.458,0.313,27.06,MEDIA,Vicentinópolis,GO,,0,,False
2914307,184,133.0326086956522,0.514,0.43,0.543,0.57,27.05,MEDIA,Iramaia,BA,,0,,False
2107001,47,240.3617021276596,0.554,0.461,0.522,0.678,27.02,MEDIA,Montes Altos,MA,,0,,False
2512754,162,180.50617283950612,0.513,0.448,0.563,0.527,27.02,MEDIA,Riachão do Bacamarte,PB,,0,,False
2804805,7137,204.51324085750315,0.435,0.454,0.445,0.405,27.01,MEDIA,Nossa Senhora do Socorro,SE,,0,,False
2708402,1852,134.3137149028078,0.58,0.43,0.653,0.656,27.01,MEDIA,São José da Tapera,AL,,0,,False
1500958,1163,171.6809974204643,0.584,0.445,0.7,0.607,27.0,MEDIA,Aurora do Pará,PA,,0,,False
5215231,2220,270.1783783783784,0.412,0.465,0.451,0.319,27.0,MEDIA,Novo Gama,GO,,0,,False
2404101,54,305.7037037037037,0.5,0.469,0.592,0.438,27.0,MEDIA,Galinhos,RN,,0,,False
1504604,1654,106.5057471264368,0.545,0.411,0.513,0.712,26.97,MEDIA,Mocajuba,PA,,0,,False
2702900,1569,138.7055449330784,0.584,0.431,0.641,0.681,26.95,MEDIA,Girau do Ponciano,AL,,0,,False
2514453,209,112.26315789473684,0.544,0.415,0.617,0.601,26.94,MEDIA,São José dos Ramos,PB,,0,,False
3152131,119,166.64705882352942,0.491,0.442,0.452,0.58,26.93,MEDIA,Ponto Chique,MG,,0,,False
2608206,178,203.3988764044944,0.551,0.452,0.649,0.552,26.92,MEDIA,Joaquim Nabuco,PE,,0,,False
2202729,211,204.1421800947868,0.539,0.452,0.647,0.518,26.91,MEDIA,Cocal dos Alves,PI,,0,,False
2603454,4537,268.88935419880977,0.415,0.463,0.356,0.425,26.9,MEDIA,Camaragibe,PE,,0,,False
5201801,67,296.2835820895522,0.4,0.466,0.4,0.334,26.89,MEDIA,Aragoiânia,GO,,0,,False
5004809,212,210.61320754716985,0.601,0.453,0.815,0.536,26.88,MEDIA,Japorã,MS,,0,,False
3138104,140,253.5642857142857,0.476,0.46,0.481,0.486,26.85,MEDIA,Lassance,MG,,0,,False
2303709,10460,240.44521988527725,0.423,0.458,0.428,0.382,26.85,MEDIA,Caucaia,CE,,0,,False
3205101,1739,275.607820586544,0.371,0.463,0.343,0.307,26.85,MEDIA,Viana,ES,,0,,False
2930154,1752,278.1078767123288,0.542,0.463,0.555,0.608,26.84,MEDIA,Serra do Ramalho,BA,,0,,False
5005806,314,315.04458598726114,0.432,0.467,0.446,0.382,26.84,MEDIA,Nioaque,MS,,0,,False
2109759,93,162.8494623655914,0.603,0.439,0.652,0.719,26.83,MEDIA,Santa Filomena do Maranhão,MA,,0,,False
2613404,179,185.64804469273744,0.54,0.446,0.641,0.533,26.83,MEDIA,São José da Coroa Grande,PE,,0,,False
2202406,348,141.7844827586207,0.486,0.43,0.523,0.504,26.81,MEDIA,Capitão de Campos,PI,,0,,False
2104404,283,123.0565371024735,0.516,0.42,0.607,0.521,26.81,MEDIA,Gonçalves Dias,MA,,0,,False
1502764,54,225.40740740740745,0.548,0.454,0.734,0.455,26.78,MEDIA,Cumaru do Norte,PA,,0,,False
2607752,985,173.3969543147208,0.499,0.441,0.536,0.519,26.75,MEDIA,Itapissuma,PE,,0,,False
3304144,4215,245.6946619217082,0.397,0.456,0.403,0.332,26.7,MEDIA,Queimados,RJ,,0,,False
1711803,97,439.7835051546392,0.46,0.473,0.5,0.407,26.7,MEDIA,Juarina,TO,,0,,False
3303500,18871,199.27058823529413,0.366,0.447,0.339,0.313,26.69,MEDIA,Nova Iguaçu,RJ,,0,,False
2409506,122,149.21311475409837,0.492,0.431,0.531,0.515,26.68,MEDIA,Pedra Grande,RN,,0,,False
2925808,1663,192.1623571858088,0.52,0.445,0.473,0.641,26.68,MEDIA,Queimadas,BA,,0,,False
3162450,317,130.10725552050474,0.579,0.421,0.628,0.689,26.64,MEDIA,São João das Missões,MG,,0,,False
2705309,93,187.1720430107527,0.533,0.443,0.561,0.595,26.64,MEDIA,Minador do Negrão,AL,,0,,False
1503804,2085,204.24748201438848,0.497,0.447,0.546,0.499,26.63,MEDIA,Jacundá,PA,,0,,False
2704203,1118,142.45438282647584,0.524,0.427,0.574,0.572,26.63,MEDIA,Limoeiro de Anadia,AL,,0,,False
2111102,1294,307.6514683153014,0.479,0.462,0.483,0.492,26.6,MEDIA,São João dos Patos,MA,,0,,False
2200905,207,193.87922705314008,0.528,0.443,0.507,0.633,26.55,MEDIA,Aroazes,PI,,0,,False
3140605,120,297.90833333333336,0.518,0.46,0.521,0.574,26.55,MEDIA,Materlândia,MG,,0,,False
2111052,167,234.24550898203591,0.484,0.451,0.501,0.5,26.53,MEDIA,São João do Paraíso,MA,,0,,False
2605806,180,132.55555555555554,0.492,0.42,0.524,0.531,26.51,MEDIA,Frei Miguelinho,PE,,0,,False
3301702,17328,238.8218964621689,0.369,0.451,0.349,0.307,26.48,MEDIA,Duque de Caxias,RJ,,0,,False
3135605,280,321.5392857142857,0.442,0.461,0.436,0.428,26.47,MEDIA,Jequitaí,MG,,0,,False
2604601,218,229.14678899082568,0.525,0.449,0.564,0.561,26.46,MEDIA,Condado,PE,,0,,False
2412559,240,195.95416666666668,0.517,0.442,0.546,0.563,26.46,MEDIA,São Miguel do Gostoso,RN,,0,,False
2101251,96,152.32291666666666,0.504,0.428,0.557,0.526,26.45,MEDIA,Bacabeira,MA,,0,,False
2103109,178,171.59550561797752,0.494,0.435,0.527,0.521,26.45,MEDIA,Cedral,MA,,0,,False
1507102,97,125.659793814433,0.489,0.415,0.523,0.528,26.45,MEDIA,São Caetano de Odivelas,PA,,0,,False
2702801,255,267.3529411764706,0.579,0.454,0.707,0.576,26.42,MEDIA,Flexeiras,AL,,0,,False
2917805,304,142.62171052631578,0.533,0.423,0.573,0.603,26.4,MEDIA,Jaguaripe,BA,,0,,False
2513158,67,165.92537313432837,0.531,0.432,0.573,0.587,26.39,MEDIA,Santa Cecília,PB,,0,,False
2304004,1297,191.48419429452585,0.505,0.439,0.535,0.54,26.36,MEDIA,Coreaú,CE,,0,,False
2203305,355,205.21408450704223,0.445,0.442,0.44,0.452,26.34,MEDIA,Demerval Lobão,PI,,0,,False
5107743,31,364.9354838709677,0.424,0.462,0.465,0.345,26.34,MEDIA,Santa Cruz do Xingu,MT,,0,,False
1507953,2778,181.5575953923686,0.533,0.436,0.589,0.574,26.34,MEDIA,Tailândia,PA,,0,,False
1507961,77,142.25974025974023,0.507,0.421,0.526,0.573,26.3,MEDIA,Terra Alta,PA,,0,,False
3165560,52,448.0,0.426,0.466,0.35,0.462,26.29,MEDIA,Sem-Peixe,MG,,0,,False
5105200,222,497.2117117117117,0.35,0.468,0.295,0.287,26.29,MEDIA,Juscimeira,MT,,0,,False
2703759,235,169.88936170212767,0.518,0.431,0.627,0.497,26.26,MEDIA,Jequiá da Praia,AL,,0,,False
3170909,428,155.95093457943926,0.505,0.426,0.497,0.591,26.26,MEDIA,Varzelândia,MG,,0,,False
2106300,186,177.2741935483871,0.537,0.433,0.577,0.6,26.25,MEDIA,Magalhães de Almeida,MA,,0,,False
2600054,5595,247.07149240393207,0.441,0.448,0.386,0.489,26.25,MEDIA,Abreu e Lima,PE,,0,,False
2917003,1914,150.15726227795193,0.524,0.423,0.542,0.606,26.22,MEDIA,Itiúba,BA,,0,,False
3171030,176,218.8011363636364,0.526,0.442,0.626,0.511,26.19,MEDIA,Verdelândia,MG,,0,,False
2603702,1159,209.3097497842968,0.576,0.44,0.71,0.579,26.18,MEDIA,Canhotinho,PE,,0,,False
2102556,154,190.66233766233765,0.436,0.435,0.471,0.401,26.15,MEDIA,Campestre do Maranhão,MA,,0,,False
2504603,1496,138.1818181818182,0.475,0.416,0.596,0.413,26.14,MEDIA,Conde,PB,,0,,False
3128253,164,184.96951219512195,0.406,0.433,0.416,0.369,26.13,MEDIA,Guaraciama,MG,,0,,False
2506806,1560,137.46858974358975,0.52,0.415,0.565,0.58,26.1,MEDIA,Ingá,PB,,0,,False
3204054,447,311.1431767337808,0.42,0.453,0.423,0.385,26.09,MEDIA,Pedro Canário,ES,,0,,False
1505809,2039,164.91854759568204,0.611,0.426,0.739,0.669,26.08,MEDIA,Portel,PA,,0,,False
2109056,127,173.79527559055117,0.439,0.429,0.452,0.435,26.08,MEDIA,Porto Rico do Maranhão,MA,,0,,False
2610806,1284,104.3278816199377,0.572,0.392,0.717,0.606,26.02,MEDIA,Pedra,PE,,0,,False
3112059,88,276.34090909090907,0.459,0.448,0.487,0.441,26.02,MEDIA,Cantagalo,MG,,0,,False
3164506,272,313.0110294117647,0.514,0.452,0.597,0.494,26.02,MEDIA,São Sebastião do Maranhão,MG,,0,,False
3201308,6690,229.749177877429,0.362,0.441,0.371,0.274,26.02,MEDIA,Cariacica,ES,,0,,False
1302009,70,268.95714285714286,0.515,0.447,0.55,0.548,26.02,MEDIA,Itapiranga,AM,,0,,False
2106631,162,108.24691358024693,0.586,0.395,0.609,0.753,26.01,MEDIA,Matões do Norte,MA,,0,,False
2930709,4644,236.74095607235145,0.429,0.442,0.391,0.454,26.01,MEDIA,Simões Filho,BA,,0,,False
2704401,349,179.1318051575931,0.553,0.429,0.644,0.585,26.0,MEDIA,Major Isidoro,AL,,0,,False
1301308,354,258.683615819209,0.557,0.445,0.68,0.546,25.99,MEDIA,Codajás,AM,,0,,False
1507466,44,118.0,0.488,0.401,0.564,0.498,25.95,MEDIA,São João da Ponta,PA,,0,,False
3103009,72,251.59722222222223,0.437,0.443,0.439,0.43,25.93,MEDIA,Antônio Dias,MG,,0,,False
3143708,74,266.2972972972973,0.464,0.445,0.499,0.448,25.93,MEDIA,Morro do Pilar,MG,,0,,False
3162658,128,281.3125,0.473,0.447,0.443,0.529,25.93,MEDIA,São João do Pacuí,MG,,0,,False
1503606,4686,274.40396927016644,0.452,0.446,0.493,0.417,25.93,MEDIA,Itaituba,PA,,0,,False
3305554,2427,232.52844187963728,0.366,0.439,0.35,0.308,25.88,MEDIA,Seropédica,RJ,,0,,False
2616183,113,198.53097345132744,0.495,0.432,0.579,0.475,25.88,MEDIA,Vertente do Lério,PE,,0,,False
2614204,1493,176.66711319490958,0.513,0.426,0.549,0.564,25.87,MEDIA,Sirinhaém,PE,,0,,False
3138658,237,193.51054852320675,0.429,0.43,0.402,0.456,25.84,MEDIA,Lontra,MG,,0,,False
3150307,69,451.9565217391304,0.404,0.458,0.371,0.382,25.84,MEDIA,Piedade do Rio Grande,MG,,0,,False
2410256,196,273.0867346938776,0.511,0.443,0.515,0.575,25.77,MEDIA,Porto do Mangue,RN,,0,,False
2908903,1919,118.16206357477851,0.477,0.397,0.459,0.574,25.72,MEDIA,Coração de Maria,BA,,0,,False
2900405,247,213.0931174089069,0.576,0.432,0.606,0.689,25.7,MEDIA,Água Fria,BA,,0,,False
3305752,991,184.13017154389505,0.404,0.425,0.382,0.406,25.7,MEDIA,Tanguá,RJ,,0,,False
2108603,4350,203.64666666666668,0.475,0.43,0.501,0.494,25.7,MEDIA,Pinheiro,MA,,0,,False
2202251,147,223.5578231292517,0.552,0.434,0.549,0.673,25.7,MEDIA,Canavieira,PI,,0,,False
2924108,123,154.3739837398374,0.518,0.415,0.482,0.657,25.69,MEDIA,Pedrão,BA,,0,,False
2405801,1941,127.98042246264812,0.508,0.402,0.57,0.553,25.66,MEDIA,João Câmara,RN,,0,,False
4316956,15,361.8,0.305,0.449,0.295,0.17,25.63,MEDIA,Santa Maria do Herval,RS,,0,,False
1709005,327,168.14984709480123,0.556,0.419,0.632,0.618,25.63,MEDIA,Goiatins,TO,,0,,False
4102505,306,424.62745098039215,0.395,0.452,0.381,0.351,25.59,MEDIA,Barbosa Ferraz,PR,,0,,False
2927408,60027,196.1113850664712,0.35,0.426,0.3,0.324,25.58,MEDIA,Salvador,BA,,0,,False
2602803,2744,142.6271865889213,0.585,0.408,0.678,0.669,25.58,MEDIA,Buíque,PE,,0,,False
1400456,399,231.06015037593983,0.487,0.433,0.481,0.547,25.57,MEDIA,Pacaraima,RR,,0,,False
1501782,2007,205.2859990034878,0.528,0.428,0.616,0.539,25.57,MEDIA,Breu Branco,PA,,0,,False
3130101,204,289.5049019607843,0.361,0.441,0.35,0.291,25.55,MEDIA,Igarapé,MG,,0,,False
3515103,2598,306.0219399538106,0.336,0.442,0.296,0.269,25.51,MEDIA,Embu-Guaçu,SP,,0,,False
1600154,335,128.3223880597015,0.507,0.399,0.606,0.515,25.49,MEDIA,Pedra Branca do Amapari,AP,,0,,False
5007554,85,516.9058823529411,0.401,0.454,0.438,0.311,25.48,MEDIA,Santa Rita do Pardo,MS,,0,,False
2512903,1203,112.00915141430949,0.505,0.388,0.549,0.579,25.47,MEDIA,Rio Tinto,PB,,0,,False
2605905,1440,214.5361111111111,0.492,0.428,0.496,0.552,25.46,MEDIA,Gameleira,PE,,0,,False
2501351,146,119.71232876712328,0.458,0.393,0.493,0.487,25.45,MEDIA,Assunção,PB,,0,,False
1703891,117,198.07692307692307,0.565,0.424,0.681,0.589,25.44,MEDIA,Carrasco Bonito,TO,,0,,False
2209872,195,186.93846153846152,0.566,0.421,0.681,0.597,25.44,MEDIA,São João da Fronteira,PI,,0,,False
2701506,76,43.1578947368421,0.518,0.256,0.616,0.682,25.43,MEDIA,Campo Grande,AL,,0,,False
2313351,1230,179.40731707317073,0.507,0.418,0.564,0.539,25.39,MEDIA,Tejuçuoca,CE,,0,,False
2515401,343,134.17492711370264,0.516,0.4,0.561,0.586,25.37,MEDIA,São Vicente do Seridó,PB,,0,,False
5220454,3336,359.2398081534772,0.367,0.444,0.374,0.283,25.37,MEDIA,Senador Canedo,GO,,0,,False
3119500,244,348.53688524590166,0.449,0.443,0.371,0.534,25.36,MEDIA,Coronel Murta,MG,,0,,False
2508208,246,56.235772357723576,0.52,0.304,0.587,0.668,25.36,MEDIA,Lagoa de Dentro,PB,,0,,False
1100338,383,300.5013054830287,0.474,0.438,0.565,0.42,25.32,MEDIA,Nova Mamoré,RO,,0,,False
2901155,252,247.9960317460317,0.574,0.431,0.64,0.651,25.3,MEDIA,América Dourada,BA,,0,,False
2703007,286,306.96153846153845,0.587,0.438,0.738,0.584,25.29,MEDIA,Ibateguara,AL,,0,,False
1502301,2498,211.60728582866287,0.529,0.424,0.584,0.579,25.28,MEDIA,Capitão Poço,PA,,0,,False
4314498,83,387.89156626506025,0.379,0.444,0.311,0.381,25.26,MEDIA,Pinheirinho do Vale,RS,,0,,False
2209203,170,182.42352941176472,0.545,0.416,0.61,0.608,25.23,MEDIA,Santa Filomena,PI,,0,,False
3154606,6615,263.9667422524565,0.358,0.432,0.368,0.273,25.23,MEDIA,Ribeirão das Neves,MG,,0,,False
2512606,58,153.6206896551724,0.477,0.406,0.504,0.522,25.21,MEDIA,Quixaba,PB,,0,,False
2917904,167,152.49700598802394,0.51,0.404,0.531,0.594,25.13,MEDIA,Jandaíra,BA,,0,,False
2112308,1560,167.43141025641026,0.544,0.409,0.619,0.605,25.1,MEDIA,Tuntum,MA,,0,,False
1703800,233,392.3175965665236,0.545,0.441,0.61,0.585,25.08,MEDIA,Buriti do Tocantins,TO,,0,,False
4111258,262,221.3091603053435,0.381,0.422,0.449,0.272,25.06,MEDIA,Itaperuçu,PR,,0,,False
2608404,199,143.8894472361809,0.566,0.399,0.665,0.633,25.05,MEDIA,Jurema,PE,,0,,False
5221858,3275,365.2085496183206,0.326,0.438,0.314,0.227,25.02,MEDIA,Valparaíso de Goiás,GO,,0,,False
3157807,5710,226.52486865148865,0.333,0.422,0.316,0.26,25.01,MEDIA,Santa Luzia,MG,,0,,False
